{
  "project_info": {
    "project_number": "103985364676",
    "firebase_url": "https://caltyfarm-1543305682084.firebaseio.com",
    "project_id": "caltyfarm-1543305682084",
    "storage_bucket": "caltyfarm-1543305682084.appspot.com"
  },
  "client": [
    {
      "client_info": {
        "mobilesdk_app_id": "1:103985364676:android:ec726127c090d64bcf5391",
        "android_client_info": {
          "package_name": "io.muhwyndham.riwayat"
        }
      },
      "oauth_client": [
        {
          "client_id": "103985364676-7568r4d8gblngsf2ego7bebg6kppg2d1.apps.googleusercontent.com",
          "client_type": 1,
          "android_info": {
            "package_name": "io.muhwyndham.riwayat",
            "certificate_hash": "a2c7a07c8f23fc27df07d93bb1f37749f8cdbb3c"
          }
        },
        {
          "client_id": "103985364676-jjkaca8k5tm0mqdstkj2sm07laike8rp.apps.googleusercontent.com",
          "client_type": 3
        }
      ],
      "api_key": [
        {
          "current_key": "AIzaSyC7pRw8ljH5b46s4XBvFf9bRtXIfFfyGl0"
        }
      ],
      "services": {
        "appinvite_service": {
          "other_platform_oauth_client": [
            {
              "client_id": "103985364676-jjkaca8k5tm0mqdstkj2sm07laike8rp.apps.googleusercontent.com",
              "client_type": 3
            }
          ]
        }
      }
    }
  ],
  "configuration_version": "1"
}